"0","# Before we actually fit the model with cross validation (cv), we need to set up the training."
"0",""
"0","# For the cross validation, let's use 5 partitions/folds"
"0","cv_control <- trainControl("
"0","  # Use the cross-validation strategy"
"0","  method = ""cv"", "
"0","  # Use 5 folds"
"0","  number = 5,"
"0","  # Retain class prediction probabilities (needed for ROC curve)"
"0","  classProbs = TRUE,"
"0","  # use sensitivity, specificity, ROC"
"0","  summaryFunction = twoClassSummary,"
"0","  # keep all fold predictions"
"0","  savePredictions = ""final""                 "
"0",")"
"0",""
"0","# Now we are ready to git the model"
"0","# Use caret's train function"
"0","cv_model <- train("
"0","  # Define the model we want to fit "
"0","  spam ~ num_char, "
"0","  # Specify the data to use"
"0","  # IMPORTANT: use the training data only!"
"0","  data = email_train,"
"0","  # Fit the model using logistic regression (the method and family arguments are used to specify this)"
"0","  method = ""glm"","
"0","  family = ""binomial"","
"0","  # Specify the training parameters.  Use the training  object we created above"
"0","  trControl = cv_control,"
"0","  # tells caret to use AUC to pick best model (if tuning)"
"0","  metric = ""ROC""   "
"0",")"
