"0","# Preprocessing"
"0","# The caret package will eventually want to use the response variable values as column names."
"0","# Currently our response variables values are 0 and 1 (meaning ""email is not spam"" and ""email is spam"").  R will complain about using columns that start with numbers, so rename them to avoid this issue"
"0",""
"0","# Store the cleaned data in a new data frame so we can keep the original data as is"
"0","email_cleaned <- email %>%"
"0","  mutate(spam = fct_recode(spam, ""not_spam"" = ""0"", ""spam"" = ""1""))"
