"0","# Compute ROC curve for each fold"
"0","roc_list <- cv_model$pred |>"
"0","  group_by(Resample) |>"
"0","  # Run the roc function on each fold using group_map"
"0","  group_map(~ roc(response = .x$obs, predictor = .x$spam, levels = c(""not_spam"", ""spam"")))"
"2","Setting direction: controls < cases
"
"2","Setting direction: controls < cases
"
"2","Setting direction: controls < cases
"
"2","Setting direction: controls < cases
"
"2","Setting direction: controls < cases
"
"0","# Turn into a dataframe for plotting manually (optional)"
"0","roc_df <- map_dfr(roc_list, ~ as_tibble(coords(.x, ""all"")), .id = ""Fold"")"
"0",""
"0","# Plot with ggplot2"
"0","ggplot(roc_df, aes(x = 1 - specificity, y = sensitivity, color = Fold)) +"
"0","  geom_line(alpha = 0.8) +"
"0","  geom_abline(slope = 1, intercept = 0, linetype = ""dashed"", color = ""gray"") +"
"0","  labs(title = ""ROC curves across folds"") +"
"0","  coord_equal() +"
"0","  theme_classic()"
