{"working_dir":null,"default_chunk_options":{},"chunk_definitions":[{"row":32,"row_count":1,"visible":true,"expansion_state":0,"options":{"include":false,"engine":"r","label":"setup"},"document_id":"2430F4EE","chunk_id":"csetup_chunk","chunk_label":"setup"},{"row":37,"row_count":1,"visible":true,"expansion_state":0,"options":{"engine":"r","label":"unnamed-chunk-3"},"document_id":"2430F4EE","chunk_id":"c9xzymqfzjxms","chunk_label":"unnamed-chunk-1"},{"row":45,"row_count":1,"visible":true,"expansion_state":0,"options":{"engine":"r","label":"unnamed-chunk-4"},"document_id":"2430F4EE","chunk_id":"cx0erf1ckwvy3","chunk_label":"unnamed-chunk-2"},{"row":59,"row_count":1,"visible":true,"expansion_state":0,"options":{"engine":"r","label":"unnamed-chunk-5"},"document_id":"2430F4EE","chunk_id":"c2cro7n9avhl1","chunk_label":"unnamed-chunk-3"},{"row":73,"row_count":1,"visible":true,"expansion_state":0,"options":{"engine":"r","label":"unnamed-chunk-6"},"document_id":"2430F4EE","chunk_id":"cuoebmj9l020p","chunk_label":"unnamed-chunk-4"},{"row":83,"row_count":1,"visible":true,"expansion_state":0,"options":{"engine":"r","label":"unnamed-chunk-7"},"document_id":"2430F4EE","chunk_id":"cmq5wnafsbtfz","chunk_label":"unnamed-chunk-5"},{"row":89,"row_count":1,"visible":true,"expansion_state":0,"options":{"engine":"r","label":"unnamed-chunk-8"},"document_id":"2430F4EE","chunk_id":"c2yfyzfgyl83f","chunk_label":"unnamed-chunk-6"},{"row":101,"row_count":1,"visible":true,"expansion_state":0,"options":{"engine":"r","label":"unnamed-chunk-9"},"document_id":"2430F4EE","chunk_id":"ceqn4istwnp7z","chunk_label":"unnamed-chunk-7"},{"row":123,"row_count":1,"visible":true,"expansion_state":0,"options":{"engine":"r","label":"unnamed-chunk-10"},"document_id":"2430F4EE","chunk_id":"c26a7suwfb6lu","chunk_label":"unnamed-chunk-8"},{"row":139,"row_count":1,"visible":true,"expansion_state":0,"options":{"engine":"r","label":"unnamed-chunk-11"},"document_id":"2430F4EE","chunk_id":"c5c1ffdwb7s51","chunk_label":"unnamed-chunk-9"},{"row":146,"row_count":1,"visible":true,"expansion_state":0,"options":{"engine":"r","label":"unnamed-chunk-12"},"document_id":"2430F4EE","chunk_id":"c9iev7m6j62a8","chunk_label":"unnamed-chunk-10"},{"row":171,"row_count":1,"visible":true,"expansion_state":0,"options":{"engine":"r","label":"unnamed-chunk-13"},"document_id":"2430F4EE","chunk_id":"coyhrrtcrh5d7","chunk_label":"unnamed-chunk-11"},{"row":268,"row_count":1,"visible":true,"expansion_state":0,"options":{},"document_id":"2430F4EE","chunk_id":"c68lwpklkriq4","chunk_label":"unnamed-chunk-19"},{"row":315,"row_count":1,"visible":true,"expansion_state":0,"options":{},"document_id":"2430F4EE","chunk_id":"c8yfmo24zjmlh","chunk_label":"unnamed-chunk-21"},{"row":332,"row_count":1,"visible":true,"expansion_state":0,"options":{},"document_id":"2430F4EE","chunk_id":"cpit9vtrxvhj4","chunk_label":"unnamed-chunk-22"},{"row":340,"row_count":1,"visible":true,"expansion_state":0,"options":{},"document_id":"2430F4EE","chunk_id":"c17b83bo2myg8","chunk_label":"unnamed-chunk-23"},{"row":378,"row_count":1,"visible":true,"expansion_state":0,"options":{},"document_id":"2430F4EE","chunk_id":"cl07hiqhn369j","chunk_label":"unnamed-chunk-24"},{"row":388,"row_count":1,"visible":true,"expansion_state":0,"options":{},"document_id":"2430F4EE","chunk_id":"c6qy94mdzi548","chunk_label":"unnamed-chunk-25"},{"row":394,"row_count":1,"visible":true,"expansion_state":0,"options":{},"document_id":"2430F4EE","chunk_id":"ceppd0py9x67u","chunk_label":"unnamed-chunk-26"},{"row":416,"row_count":1,"visible":true,"expansion_state":0,"options":{},"document_id":"2430F4EE","chunk_id":"cdyfo39jdbgxl","chunk_label":"unnamed-chunk-27"},{"row":434,"row_count":1,"visible":true,"expansion_state":0,"options":{},"document_id":"2430F4EE","chunk_id":"c9dwj1g2eott6","chunk_label":"unnamed-chunk-28"}],"doc_write_time":1744922745}